0a00a69de.jpg,1
0a0119288.jpg,1
0a01d8321.jpg,1
0a022b4aa.jpg,1
0a0272bad.jpg,1
0a087cb2f.jpg,1
0a0980693.jpg,1
0a0aeea56.jpg,1
0a0bc9b17.jpg,1
0a0c7f8d1.jpg,1
0a0cdca85.jpg,1
0a0d2d44e.jpg,1
0a0dc11e4.jpg,1
0a0e44e37.jpg,1
0a0e7a366.jpg,1
0a0f45639.jpg,1
0a12274c2.jpg,1
0a128e735.jpg,1
0a12c8a35.jpg,1
0a12e3118.jpg,1
0a143e5f6.jpg,1
0a148697c.jpg,0
0a15f8996.jpg,0
0a16278cd.jpg,1
0a16aee48.jpg,1
0a18f6228.jpg,1
0a1a58833.jpg,0
0a1a7f395.jpg,0
0a1a934e8.jpg,1
0a1ab45a9.jpg,1
0a1ae79f1.jpg,1
0a1b3b5e1.jpg,1
0a1b86392.jpg,0
0a1c2850b.jpg,1
0a1c46970.jpg,1
0a1d24252.jpg,1
0a1d3fd88.jpg,1
0a1d87989.jpg,0
0a1da498d.jpg,1
0a1e3433f.jpg,1
0a1e36c79.jpg,1
0a1ea1af4.jpg,0
0a1ef6741.jpg,0
0a1f41faa.jpg,1
0a1f9ce75.jpg,1
0a2045e4a.jpg,1
0a2152a70.jpg,1
0a225f257.jpg,0
0a23270b0.jpg,1
0a237d693.jpg,1
0a23ac329.jpg,1
0a24a4100.jpg,0
0a24a5741.jpg,1
0a24bad88.jpg,1
0a25413ef.jpg,0
0a286fb15.jpg,0
0a2a8689d.jpg,0
0a2b6da34.jpg,1
0a2c5e074.jpg,1
0a2c975ed.jpg,1
0a2d3e06a.jpg,1
0a2d60a12.jpg,1
0a2e15e29.jpg,0
0a2f5350f.jpg,1
0a2f8bdde.jpg,1
0a2fb2595.jpg,1
0a2fc9f18.jpg,1
0a30f7cce.jpg,1
0a33593e0.jpg,1
0a3365640.jpg,0
0a3454c70.jpg,1
0a35e641b.jpg,0
0a366bff2.jpg,1
0a372c670.jpg,0
0a3ab4644.jpg,1
0a3b48a9c.jpg,0
0a3bf573f.jpg,1
0a3c08c56.jpg,1
0a3d3abfb.jpg,0
0a3d680f3.jpg,1
0a3d961d9.jpg,1
0a3dc4edd.jpg,1
0a3dcd48e.jpg,1
0a3e6680a.jpg,1
0a3f585b1.jpg,1
0a3f7f4ca.jpg,1
0a40b6165.jpg,1
0a412a03d.jpg,1
0a417c33d.jpg,1
0a41f0c70.jpg,1
0a42d7162.jpg,1
0a430f5f4.jpg,0
0a4318411.jpg,1
0a460dfc5.jpg,0
0a466261a.jpg,1
0a467e92a.jpg,1
0a474030e.jpg,1
0a4756aec.jpg,1
0a483df33.jpg,1
0a4864b49.jpg,0
0a48d79f2.jpg,0
0a49aa6eb.jpg,0
0a4a116ea.jpg,0
0a4a7adce.jpg,1
0a4aa1eb8.jpg,1
0a4ad0982.jpg,0
0a4af6808.jpg,0
0a4b017df.jpg,1
0a4b04072.jpg,1
0a4bb11f6.jpg,1
0a4c56694.jpg,0
0a4c999c8.jpg,0
0a4cb479e.jpg,1
0a4e2524c.jpg,1
0a4e6d734.jpg,1
0a4e959da.jpg,1
0a4f019f0.jpg,1
0a4f16732.jpg,1
0a4fde21a.jpg,1
0a4fe02eb.jpg,1
0a5006589.jpg,1
0a50a6366.jpg,1
0a50eecbb.jpg,1
0a5204efb.jpg,1
0a52640e9.jpg,1
0a53914ce.jpg,0
0a55caf9d.jpg,1
0a564722d.jpg,1
0a5857736.jpg,1
0a58861e5.jpg,1
0a5a3f250.jpg,0
0a5b3e65c.jpg,0
0a5b401c8.jpg,1
0a5b90e1d.jpg,0
0a5c61ad1.jpg,1
0a5e733ff.jpg,1
0a5f1984b.jpg,0
0a5fb24c6.jpg,0
0a60a072d.jpg,1
0a60e5843.jpg,1
0a61219ac.jpg,1
0a628b8cf.jpg,1
0a62a07a0.jpg,1
0a62b5f60.jpg,1
0a63047ab.jpg,1
0a6318166.jpg,1
0a633305d.jpg,1
0a642b942.jpg,1
0a6493ce7.jpg,1
0a65a1845.jpg,1
0a661a5c7.jpg,1
0a6657f54.jpg,1
0a666b4bd.jpg,1
0a66b6c07.jpg,0
0a68e999f.jpg,1
0a69695c6.jpg,1
0a696f91d.jpg,1
0a6d12a5e.jpg,1
0a6d279ed.jpg,1
0a6d61ab1.jpg,1
0a6d93e5a.jpg,1
0a6ee9ce9.jpg,1
0a6f080e7.jpg,1
0a6f3000e.jpg,1
0a6f93837.jpg,1
0a70f6125.jpg,1
0a7187fd9.jpg,1
0a7208dbf.jpg,0
0a72782aa.jpg,1
0a72f36cb.jpg,1
0a746fa8d.jpg,1
0a74d3ab8.jpg,1
0a769cc60.jpg,1
0a76b3b8e.jpg,0
0a7767f19.jpg,1
0a7771d2b.jpg,1
0a7797311.jpg,1
0a77aadb2.jpg,0
0a796cbf4.jpg,1
0a79c7868.jpg,1
0a79e6f90.jpg,1
0a7a0fa38.jpg,0
0a7a257fc.jpg,1
0a7b289e5.jpg,0
0a7c37496.jpg,1
0a7c8e4a1.jpg,1
0a7d1c8c0.jpg,1
0a7f2fe3f.jpg,1
0a7f650ee.jpg,0
0a800c747.jpg,1
0a8084944.jpg,0
0a80adac6.jpg,1
0a80dfae2.jpg,1
0a820a0be.jpg,0
0a830ffb0.jpg,1
0a83b436f.jpg,0
0a843e98a.jpg,1
0a84c80d3.jpg,0
0a84ed1da.jpg,0
0a86096dc.jpg,0
0a8610646.jpg,1
0a8617a7c.jpg,0
0a863a4f8.jpg,0
0a863b9ab.jpg,0
0a86c7613.jpg,1
0a874c1e2.jpg,1
0a881f3bf.jpg,1
0a882f7b7.jpg,1
0a88a55ee.jpg,1
0a8a48640.jpg,1
0a8a62f99.jpg,1
0a8c42352.jpg,1
0a8c66829.jpg,1
0a8c77906.jpg,1
0a8cfac83.jpg,0
0a8d0828a.jpg,1
0a8d5d261.jpg,0
0a8da462d.jpg,1
0a8e1846e.jpg,1
0a8e2a651.jpg,1
0a8efec62.jpg,1
0a8f3db91.jpg,1
0a8f574e8.jpg,1
0a910b5a8.jpg,1
0a917d412.jpg,1
0a91859d0.jpg,0
0a91ac174.jpg,1
0a91ebc73.jpg,1
0a92e787f.jpg,1
0a9344301.jpg,0
0a94e5dd1.jpg,0
0a953d217.jpg,1
0a9582d6a.jpg,1
0a95b521d.jpg,1
0a95c54c6.jpg,1
0a96a7db5.jpg,1
0a975c477.jpg,1
0a975dc66.jpg,0
0a9883dbc.jpg,1
0a98f4d66.jpg,1
0a990d9ef.jpg,1
0a997bd3f.jpg,0
0a9aa0fd4.jpg,1
0a9af626a.jpg,0
0a9b38711.jpg,1
0a9b38ea9.jpg,1
0a9b7cdc4.jpg,0
0a9b9a2c8.jpg,0
0a9eca6d6.jpg,0
0a9fdec5f.jpg,1
0aa01b676.jpg,0
0aa04f620.jpg,1
0aa19f1a3.jpg,0
0aa25e356.jpg,0
0aa294e38.jpg,0
0aa29aeb6.jpg,1
0aa2b963e.jpg,1
0aa307896.jpg,0
0aa4c741c.jpg,0
0aa505b96.jpg,0
0aa565354.jpg,0
0aa5daee6.jpg,1
0aa65b8a8.jpg,1
0aa678d65.jpg,1
0aa6a9b75.jpg,0
0aa6f2392.jpg,1
0aa724871.jpg,1
0aa8e8528.jpg,1
0aa919286.jpg,0
0aa9272e6.jpg,0
0aaa04f16.jpg,1
0aaa2cccf.jpg,1
0aaa32c39.jpg,1
0aaa4eab0.jpg,1
0aaa5cfa9.jpg,1
0aaaaeec6.jpg,1
0aab6cdcc.jpg,0
0aab6e18c.jpg,1
0aab77784.jpg,0
0aab89671.jpg,1
0aab95dbc.jpg,0
0aac3bff3.jpg,1
0aac4ebd3.jpg,1
0aacc2301.jpg,1
0aacef51a.jpg,1
0aad46408.jpg,0
0aaea74cc.jpg,0
0aaf43c0e.jpg,1
0aaf89b51.jpg,0
0ab0052f8.jpg,1
0ab0b571f.jpg,1
0ab110428.jpg,1
0ab16a13b.jpg,1
0ab21ed48.jpg,0
0ab2b818a.jpg,1
0ab2e3e84.jpg,1
0ab318bb6.jpg,1
0ab3704ee.jpg,1
0ab452c17.jpg,1
0ab492772.jpg,1
0ab5134ae.jpg,1
0ab8c8d6f.jpg,0
0ab94f62e.jpg,0
0ab988d99.jpg,1
0ab9c2386.jpg,1
0abaf6edd.jpg,1
0abc0111b.jpg,1
0abcc6c05.jpg,1
0abcfd52e.jpg,1
0abd2a110.jpg,1
0abd79fe0.jpg,1
0abdd66b6.jpg,1
0abde244c.jpg,0
0abdfa368.jpg,1
0abe18731.jpg,0
0abe5e2ea.jpg,0
0abeb7356.jpg,1
0abecd1d8.jpg,1
0abffe8e8.jpg,1
0ac0cbed8.jpg,1
0ac0f33e0.jpg,1
0ac12b127.jpg,0
0ac14fc6c.jpg,1
0ac2d6a6c.jpg,1
0ac382948.jpg,0
0ac3d57d1.jpg,1
0ac477a0f.jpg,1
0ac4c59c7.jpg,1
0ac5b382a.jpg,1
0ac62de6b.jpg,0
0ac635a52.jpg,0
0ac6dd229.jpg,1
0ac78e802.jpg,0
0ac79787e.jpg,1
0ac82273d.jpg,1
0ac9f16e5.jpg,1
0aca5dd3d.jpg,1
0acab4a9f.jpg,1
0acac7a26.jpg,1
0acbb6bea.jpg,0
0acc364b3.jpg,1
0acd25a1b.jpg,0
0acdd3142.jpg,1
0ace0d4db.jpg,1
0ace4520c.jpg,0
0ace8abe2.jpg,0
0acf5fee5.jpg,0
0ad144ed5.jpg,1
0ad161b7b.jpg,1
0ad1bdd87.jpg,1
0ad22d74a.jpg,1
0ad23e95a.jpg,1
0ad26abc3.jpg,1
0ad312588.jpg,1
0ad3e4013.jpg,1
0ad505458.jpg,0
0ad5b4e86.jpg,1
0ad60e273.jpg,1
0ad660156.jpg,1
0ad6fdb56.jpg,1
0ad77edcb.jpg,0
0ad7a32a8.jpg,1
0ad7aa272.jpg,0
0ad7ad6c2.jpg,1
0ad7bf0f4.jpg,1
0ad7c1e0b.jpg,1
0ad7c2758.jpg,0
0ad88eee9.jpg,1
0ad95cd82.jpg,1
0ad9997fb.jpg,1
0ada123aa.jpg,1
0adb9bc50.jpg,1
0adc9c314.jpg,0
0adcadf1f.jpg,1
0adcb363a.jpg,1
0adcd5507.jpg,1
0ade0103c.jpg,1
0ae06debe.jpg,1
0ae162d1b.jpg,1
0ae1aa19f.jpg,1
0ae2168f7.jpg,1
0ae29b6cc.jpg,1
0ae37aa28.jpg,0
0ae37ec9c.jpg,1
0ae3c476e.jpg,1
0ae3f426a.jpg,1
0ae49bc36.jpg,0
0ae4b3f30.jpg,1
0ae4c0a90.jpg,0
0ae51a8d3.jpg,1
0ae5202fe.jpg,1
0ae538851.jpg,0
0ae67f3c6.jpg,0
0ae6afd5b.jpg,0
0ae6f0448.jpg,1
0ae71fbc2.jpg,0
0ae87a76a.jpg,1
0ae8aaac3.jpg,1
0aea06852.jpg,1
0aea1588e.jpg,1
0aea263bb.jpg,0
0aeb99014.jpg,1
0aec2483c.jpg,1
0aec8a3ea.jpg,1
0aed6a957.jpg,1
0aedb1a70.jpg,1
0aee6f181.jpg,1
0aeed8ca9.jpg,1
0aef19bae.jpg,1
0aef21703.jpg,0
0aefb4539.jpg,0
0af014c11.jpg,1
0af01d191.jpg,1
0af056cb9.jpg,0
0af08e3dd.jpg,1
0af11edb8.jpg,1
0af1e7acb.jpg,1
0af377c46.jpg,1
0af3d644f.jpg,0
0af3f9729.jpg,1
0af490549.jpg,1
0af4b1048.jpg,1
0af4bd5d0.jpg,1
0af4c3153.jpg,1
0af550af1.jpg,1
0af6a9ee6.jpg,1
0af76d8ec.jpg,1
0af7d7990.jpg,1
0af87f5a6.jpg,1
0af89a6be.jpg,1
0af96f2f7.jpg,1
0af9f94c9.jpg,1
0afa40357.jpg,0
0afa92ce8.jpg,1
0afb09c34.jpg,1
0afc53791.jpg,1
0afd358bd.jpg,0
0afff4ceb.jpg,1